pack,rpt,charge,date,session_id,source_file,status,sample_count,sample_interval_s,duration_s,duration_min,cell_count,start_voltage_V,end_voltage_V,voltage_gain_V,max_voltage_V,start_current_A,end_current_A,mean_current_A,max_current_A,mean_power_W,max_power_W,charged_capacity_Ah,integrated_capacity_Ah,energy_Wh,integrated_energy_Wh,time_to_80pct_min,time_to_90pct_min,time_to_95pct_min,cv_start_min,cv_duration_min,start_temperature_C,end_temperature_C,max_temperature_C,temperature_rise_C,start_cell_imbalance_mV,end_cell_imbalance_mV,mean_cell_imbalance_mV,p95_cell_imbalance_mV,max_cell_imbalance_mV,imbalance_over_50mV_pct,charger_max_balance_mV,taper_current_threshold_A,taper_current_reached
PB,2,1,2026-08-24,PB_2_CH_1,/Users/dh/Documents/DBD_26/Dataset/PB/충전로그/PB_2/2026-08-24_PB_2_CH_1 .csv,ok,2333,1,2332,38.866667,4,13.393,16.855,3.462,16.855,1.523,0.958,6.3336828,9.838,101.6832,164.766,4.104,4.1042337,65.891,65.891284,21.466667,27.05,31.133333,16.916667,21.95,28,38,40,10,7,4,10.76168,30,100,0.2571796,100,1,True
PB,2,2,2026-08-24,PB_2_CH_2,/Users/dh/Documents/DBD_26/Dataset/PB/충전로그/PB_2/2026-08-24_PB_2_CH_2 .csv,ok,3007,1,3006,50.1,4,13.35,16.877,3.527,16.877,1.969,0.235,4.9445178,9.831,79.590974,164.698,4.131,4.1297397,66.473,66.47637,21.983333,28.05,33.066667,16.566667,33.533333,27,36,40,9,33,2,6.6534752,17,58,0.033255737,58,1,True
PB,2,3,2026-08-24,PB_2_CH_3,/Users/dh/Documents/DBD_26/Dataset/PB/충전로그/PB_2/2026-08-24_PB_2_CH_3 .csv,ok,2268,1,2267,37.783333,4,13.429,16.864,3.435,16.864,1.97,0.979,6.3403867,9.82,101.98397,164.565,3.994,3.994034,64.242,64.243931,20.95,26.433333,30.366667,16.283333,21.5,29,38,39,9,15,3,7.1679894,20,110,0.26455026,110,1,True
PB,2,4,2026-08-26,PB_2_CH_4,/Users/dh/Documents/DBD_26/Dataset/PB/충전로그/PB_2/2026-08-26_PB_2_CH_4 .csv,ok,2281,1,2280,38,4,13.28,16.869,3.589,16.869,0,0.978,6.4439925,9.833,103.51427,164.75,4.083,4.0828494,65.588,65.5855,21.316667,26.683333,30.6,16.783333,21.216667,29,36,40,7,17,0,6.4905743,16,71,0.13152126,71,1,True
PB,2,5,2026-08-26,PB_2_CH_5,/Users/dh/Documents/DBD_26/Dataset/PB/충전로그/PB_2/2026-08-26_PB_2_CH_5 .csv,ok,2264,1,2263,37.716667,4,13.285,16.854,3.569,16.854,0.004,0.957,6.4186334,9.834,103.01568,164.787,4.038,4.0364737,64.785,64.783171,21.066667,26.5,30.4,16.666667,21.05,30,37,40,7,16,0,5.8166961,15,114,0.088339223,114,1,True
PB,2,6,2026-08-26,PB_2_CH_6,/Users/dh/Documents/DBD_26/Dataset/PB/충전로그/PB_2/2026-08-26_PB_2_CH_6 .csv,ok,2304,1,2303,38.383333,4,13.257,16.864,3.607,16.864,0.993,0.962,6.3210937,9.833,101.46095,164.644,4.047,4.0452285,64.931,64.930928,21.133333,26.7,30.7,16.683333,21.7,30,38,40,8,16,2,6.4396701,17,107,0.17361111,107,1,True
PB,2,7,2026-08-26,PB_2_CH_7,/Users/dh/Documents/DBD_26/Dataset/PB/충전로그/PB_2/2026-08-26_PB_2_CH_7 .csv,ok,2273,1,2272,37.866667,4,13.216,16.867,3.651,16.867,1.968,0.992,6.4068183,9.833,102.75088,164.669,4.045,4.0447828,64.868,64.869831,21.05,26.533333,30.416667,16.75,21.116667,28,36,40,8,22,0,5.5433348,15,102,0.2199736,102,1,True
PB,2,8,2026-08-26,PB_2_CH_8,/Users/dh/Documents/DBD_26/Dataset/PB/충전로그/PB_2/2026-08-26_PB_2_CH_8 .csv,ok,2281,1,2280,38,4,13.204,16.869,3.665,16.869,1.968,0.959,6.3676988,9.831,102.0868,164.573,4.036,4.0342382,64.676,64.677476,20.983333,26.466667,30.433333,16.783333,21.216667,29,38,40,9,20,3,5.7053924,15,91,0.087680842,91,1,True
PB,2,9,2026-08-26,PB_2_CH_9,/Users/dh/Documents/DBD_26/Dataset/PB/충전로그/PB_2/2026-08-26_PB_2_CH_9 .csv,ok,2320,1,2319,38.65,4,13.181,16.87,3.689,16.87,1.789,0.842,6.2923591,9.823,100.89231,164.643,4.055,4.0547104,65.013,65.014241,21.083333,26.583333,30.583333,16.866667,21.783333,28,35,40,7,20,1,5.937069,15,100,0.043103448,100,1,True
