pack,rpt,charge,date,session_id,source_file,status,detail
PB,0,1,2026-08-18,PB_0_CH_1,/Users/dh/Documents/DBD_26/Dataset/PB/충전로그/PB_0/2026-08-18_PB_0_CH_1.csv,ok,
PB,0,2,2026-08-18,PB_0_CH_2,/Users/dh/Documents/DBD_26/Dataset/PB/충전로그/PB_0/2026-08-18_PB_0_CH_2 .csv,ok,
PB,0,3,2026-08-18,PB_0_CH_3,/Users/dh/Documents/DBD_26/Dataset/PB/충전로그/PB_0/2026-08-18_PB_0_CH_3 .csv,ok,
PB,0,4,2026-08-18,PB_0_CH_4,/Users/dh/Documents/DBD_26/Dataset/PB/충전로그/PB_0/2026-08-18_PB_0_CH_4 .csv,ok,
PB,0,5,2026-08-18,PB_0_CH_5,/Users/dh/Documents/DBD_26/Dataset/PB/충전로그/PB_0/2026-08-18_PB_0_CH_5 .csv,ok,
PB,0,6,2026-08-18,PB_0_CH_6,/Users/dh/Documents/DBD_26/Dataset/PB/충전로그/PB_0/2026-08-18_PB_0_CH_6 .csv,ok,
PB,0,7,2026-08-18,PB_0_CH_7,/Users/dh/Documents/DBD_26/Dataset/PB/충전로그/PB_0/2026-08-18_PB_0_CH_7 .csv,ok,
PB,0,8,2026-08-18,PB_0_CH_8,/Users/dh/Documents/DBD_26/Dataset/PB/충전로그/PB_0/2026-08-18_PB_0_CH_8 .csv,ok,
PB,0,9,2026-08-18,PB_0_CH_9,/Users/dh/Documents/DBD_26/Dataset/PB/충전로그/PB_0/2026-08-18_PB_0_CH_9.csv,ok,
PB,1,1,2026-08-20,PB_1_CH_1,/Users/dh/Documents/DBD_26/Dataset/PB/충전로그/PB_1/2026-08-20_PB_1_CH_1.csv,ok,
PB,1,2,2026-08-20,PB_1_CH_2,/Users/dh/Documents/DBD_26/Dataset/PB/충전로그/PB_1/2026-08-20_PB_1_CH_2 .csv,ok,
PB,1,3,2026-08-20,PB_1_CH_3,/Users/dh/Documents/DBD_26/Dataset/PB/충전로그/PB_1/2026-08-20_PB_1_CH_3 .csv,ok,
PB,1,4,2026-08-20,PB_1_CH_4,/Users/dh/Documents/DBD_26/Dataset/PB/충전로그/PB_1/2026-08-20_PB_1_CH_4.csv,ok,
PB,1,5,2026-08-20,PB_1_CH_5,/Users/dh/Documents/DBD_26/Dataset/PB/충전로그/PB_1/2026-08-20_PB_1_CH_5 .csv,ok,
PB,1,6,2026-08-20,PB_1_CH_6,/Users/dh/Documents/DBD_26/Dataset/PB/충전로그/PB_1/2026-08-20_PB_1_CH_6 .csv,ok,
PB,1,7,2026-08-21,PB_1_CH_7,/Users/dh/Documents/DBD_26/Dataset/PB/충전로그/PB_1/2026-08-21_PB_1_CH_7 .csv,ok,
PB,1,8,2026-08-21,PB_1_CH_8,/Users/dh/Documents/DBD_26/Dataset/PB/충전로그/PB_1/2026-08-21_PB_1_CH_8.csv,ok,
PB,1,9,2026-08-21,PB_1_CH_9,/Users/dh/Documents/DBD_26/Dataset/PB/충전로그/PB_1/2026-08-21_PB_1_CH_9.csv,ok,
PB,2,1,2026-08-24,PB_2_CH_1,/Users/dh/Documents/DBD_26/Dataset/PB/충전로그/PB_2/2026-08-24_PB_2_CH_1 .csv,ok,
PB,2,2,2026-08-24,PB_2_CH_2,/Users/dh/Documents/DBD_26/Dataset/PB/충전로그/PB_2/2026-08-24_PB_2_CH_2 .csv,ok,
PB,2,3,2026-08-24,PB_2_CH_3,/Users/dh/Documents/DBD_26/Dataset/PB/충전로그/PB_2/2026-08-24_PB_2_CH_3 .csv,ok,
PB,2,4,2026-08-26,PB_2_CH_4,/Users/dh/Documents/DBD_26/Dataset/PB/충전로그/PB_2/2026-08-26_PB_2_CH_4 .csv,ok,
PB,2,5,2026-08-26,PB_2_CH_5,/Users/dh/Documents/DBD_26/Dataset/PB/충전로그/PB_2/2026-08-26_PB_2_CH_5 .csv,ok,
PB,2,6,2026-08-26,PB_2_CH_6,/Users/dh/Documents/DBD_26/Dataset/PB/충전로그/PB_2/2026-08-26_PB_2_CH_6 .csv,ok,
PB,2,7,2026-08-26,PB_2_CH_7,/Users/dh/Documents/DBD_26/Dataset/PB/충전로그/PB_2/2026-08-26_PB_2_CH_7 .csv,ok,
PB,2,8,2026-08-26,PB_2_CH_8,/Users/dh/Documents/DBD_26/Dataset/PB/충전로그/PB_2/2026-08-26_PB_2_CH_8 .csv,ok,
PB,2,9,2026-08-26,PB_2_CH_9,/Users/dh/Documents/DBD_26/Dataset/PB/충전로그/PB_2/2026-08-26_PB_2_CH_9 .csv,ok,
PB,3,1,2026-09-01,PB_3_CH_1,/Users/dh/Documents/DBD_26/Dataset/PB/충전로그/PB_3/2026-09-01_PB_3_CH_1 .csv,ok,
PB,3,2,2026-09-01,PB_3_CH_2,/Users/dh/Documents/DBD_26/Dataset/PB/충전로그/PB_3/2026-09-01_PB_3_CH_2 .csv,ok,
PB,3,3,2026-09-01,PB_3_CH_3,/Users/dh/Documents/DBD_26/Dataset/PB/충전로그/PB_3/2026-09-01_PB_3_CH_3 .csv,ok,
PB,3,4,2026-09-01,PB_3_CH_4,/Users/dh/Documents/DBD_26/Dataset/PB/충전로그/PB_3/2026-09-01_PB_3_CH_4 .csv,ok,
PB,3,5,2026-09-02,PB_3_CH_5,/Users/dh/Documents/DBD_26/Dataset/PB/충전로그/PB_3/2026-09-02_PB_3_CH_5 .csv,ok,
PB,3,6,2026-09-02,PB_3_CH_6,/Users/dh/Documents/DBD_26/Dataset/PB/충전로그/PB_3/2026-09-02_PB_3_CH_6 .csv,ok,
PB,3,7,2026-09-02,PB_3_CH_7,/Users/dh/Documents/DBD_26/Dataset/PB/충전로그/PB_3/2026-09-02_PB_3_CH_7 .csv,ok,
PB,3,8,2026-09-02,PB_3_CH_8,/Users/dh/Documents/DBD_26/Dataset/PB/충전로그/PB_3/2026-09-02_PB_3_CH_8 .csv,ok,
PB,3,9,2026-09-02,PB_3_CH_9,/Users/dh/Documents/DBD_26/Dataset/PB/충전로그/PB_3/2026-09-02_PB_3_CH_9 .csv,ok,
